"2025-03-21 01:46 AM;","China's self-driving lidar leader plans tariff-beating overseas factory - Financial Times
Customers urge Hesai to diversify production of key tech for autonomous vehicles to avoid geopolitical tensions.
More Info. 
https://www.ft.com/content/94e04090-4d1d-498d-bcff-de05ef3b59d2
#geopolitics #TheAsiaHawk","","","linkedin","The Asia Hawk","","","","","","2025-03-17-01-49-34-526","https://www.ft.com/content/94e04090-4d1d-498d-bcff-de05ef3b59d2",
"2025-03-21 02:43 AM;","India Caught in the Crossfire - India Legal
Tensions between China and the United States have intensified following Washington's decision to double tariffs on Chinese imports to 20 percent. In ...
More Info. 
https://indialegallive.com/magazine/china-india-resumption-of-ties-us-tariffs-ladakh/
#geopolitics #TheAsiaHawk","","","linkedin","The Asia Hawk","","","","","","2025-03-17-01-49-34-526","https://indialegallive.com/magazine/china-india-resumption-of-ties-us-tariffs-ladakh/",
"2025-03-21 03:40 AM;","Should Europe draw closer to China? - Financial Times
Geopolitical and economic disputes mean Beijing is no natural replacement for the US despite the crisis in transatlantic ties.
More Info. 
https://www.ft.com/content/d7d1e130-84b2-4e44-83b8-817ec3599711
#geopolitics #TheAsiaHawk","","","linkedin","The Asia Hawk","","","","","","2025-03-17-01-49-34-526","https://www.ft.com/content/d7d1e130-84b2-4e44-83b8-817ec3599711",
"2025-03-21 04:37 AM;","US immigration authorities arrest Palestinian and Indian Columbia students following protest fallout
... India of another student whose visa had been revoked in 2022. According to the Department of Homeland Security  DHS , Leqaa Kordia, a Palestinian ...
More Info. 
https://www.jurist.org/news/2025/03/us-immigration-authorities-arrest-palestinian-and-indian-columbia-students-following-protest-fallout/
#geopolitics #TheAsiaHawk","","","linkedin","The Asia Hawk","","","","","","2025-03-17-01-49-34-526","https://www.jurist.org/news/2025/03/us-immigration-authorities-arrest-palestinian-and-indian-columbia-students-following-protest-fallout/",
"2025-03-21 05:34 AM;","India Slams Pakistan Over Jammu   Kashmir at UN   Strong Response  - YouTube
India Hits Back at Pakistan Over Jammu   Kashmir Remarks at UN  At the United Nations, India strongly criticized Pakistan's statements on Jammu ...
More Info. 
https://www.youtube.com/watch?v=nOLLdE1cKIM
#geopolitics #TheAsiaHawk","","","linkedin","The Asia Hawk","","","","","","2025-03-17-01-49-34-526","https://www.youtube.com/watch?v=nOLLdE1cKIM",
"2025-03-21 06:31 AM;","Safeguarding America from Foreign Activists: A Necessary Step for National Security
Book Launched   National Security Challenges: Young Scholars' Perspective   Assessing Potential Threats to India's National Security Amid COVID-19.
More Info. 
https://www.indrastra.com/2025/03/safeguarding-america-from-foreign.html
#geopolitics #TheAsiaHawk","","","linkedin","The Asia Hawk","","","","","","2025-03-17-01-49-34-526","https://www.indrastra.com/2025/03/safeguarding-america-from-foreign.html",
"2025-03-21 07:28 AM;","You can  39 t have a bad border and a good relationship   S. Jaishankar - Sri Lanka Guardian
Geopolitics Interviews. You can't have a bad border ... Jaishankar was firm when discussing China, India's most pressing geopolitical challenge.
More Info. 
https://slguardian.org/you-cant-have-a-bad-border-and-a-good-relationship/
#geopolitics #TheAsiaHawk","","","linkedin","The Asia Hawk","","","","","","2025-03-17-01-49-34-526","https://slguardian.org/you-cant-have-a-bad-border-and-a-good-relationship/",
"2025-03-21 08:25 AM;","A train hijacking has reignited questions about Pakistan's national security
... India's malign activities, should not be forgotten. It is regrettable that India has yet to learn to live like a responsible neighbour, and ...
More Info. 
https://indianexpress.com/article/opinion/columns/a-train-hijacking-has-reignited-questions-about-pakistans-national-security-9887430/
#geopolitics #TheAsiaHawk","","","linkedin","The Asia Hawk","","","","","","2025-03-17-01-49-34-526","https://indianexpress.com/article/opinion/columns/a-train-hijacking-has-reignited-questions-about-pakistans-national-security-9887430/",
"2025-03-21 09:22 AM;","Global leaders descend upon Delhi for Raisina Dialogue 2025 for key geopolitics conference
Welcome to India, DPM Xavier Bettel of Luxembourg   FM Tanja Fajon of Slovenia.  India status 1901201116219711762  rel  noopener  target   blank   ...
More Info. 
https://www.aninews.in/news/world/asia/global-leaders-descend-upon-delhi-for-raisina-dialogue-2025-for-key-geopolitics-conference20250316175953/
#geopolitics #TheAsiaHawk","","","linkedin","The Asia Hawk","","","","","","2025-03-17-01-49-34-526","https://www.aninews.in/news/world/asia/global-leaders-descend-upon-delhi-for-raisina-dialogue-2025-for-key-geopolitics-conference20250316175953/",
"2025-03-21 10:19 AM;","India calls out 'fanatical mindset' after Pakistan ex-diplomat refers to Kashmir as 'occupied' at ...
On International Day to Combat Islamophobia, India   Pakistan spar on religious discrimination, bigotry and attacks at an informal meeting of the ...
More Info. 
https://theprint.in/diplomacy/india-calls-out-fanatical-mindset-after-pakistan-ex-diplomat-refers-to-kashmir-as-occupied-at-un-meet/2549180/
#geopolitics #TheAsiaHawk","","","linkedin","The Asia Hawk","","","","","","2025-03-17-01-49-34-526","https://theprint.in/diplomacy/india-calls-out-fanatical-mindset-after-pakistan-ex-diplomat-refers-to-kashmir-as-occupied-at-un-meet/2549180/",
"2025-03-21 11:16 AM;","How will friendship with Xi Jinping help resolve India-China ties? PM responds - India Today
Highlighting that discords were natural between two neighbouring countries like India and China, Prime Minister Narendra Modi called for dialogue ...
More Info. 
https://www.indiatoday.in/india/story/india-china-ties-pm-modi-xi-jinping-ladakh-standoff-border-tensions-podcast-2694263-2025-03-16
#geopolitics #TheAsiaHawk","","","linkedin","The Asia Hawk","","","","","","2025-03-17-01-49-34-526","https://www.indiatoday.in/india/story/india-china-ties-pm-modi-xi-jinping-ladakh-standoff-border-tensions-podcast-2694263-2025-03-16",
"2025-03-21 12:13 PM;","Tibetans In India Clash With New Delhi Police On Anniversary Of Uprising Against China
... China, there was a scuffle with the police in New Delhi, India. Tibetans who live in exile in India played the national anthems of Tibet and India ...
More Info. 
https://theowp.org/tibetans-in-india-clash-with-new-delhi-police-on-anniversary-of-uprising-against-china/
#geopolitics #TheAsiaHawk","","","linkedin","The Asia Hawk","","","","","","2025-03-17-01-49-34-526","https://theowp.org/tibetans-in-india-clash-with-new-delhi-police-on-anniversary-of-uprising-against-china/",
"2025-03-21 01:10 PM;","India's Intelligence Edge: Navigating Tensions with China and Pakistan - Modern Diplomacy
India's military intelligence infrastructure faces the largest challenge in history since it has to contend with a geopolitics of security ...
More Info. 
https://moderndiplomacy.eu/2025/03/16/indias-intelligence-edge-navigating-tensions-with-china-and-pakistan/
#geopolitics #TheAsiaHawk","","","linkedin","The Asia Hawk","","","","","","2025-03-17-01-49-34-526","https://moderndiplomacy.eu/2025/03/16/indias-intelligence-edge-navigating-tensions-with-china-and-pakistan/",
"2025-03-21 02:07 PM;","Impressed Javed Akhtar is searching for this singer: Moazzam Ali Khan of Pakistan with ...
Q. What do you think of collaborations between Indian and Pakistani artists? Great for music diversity.
More Info. 
https://www.hindustantimes.com/entertainment/music/impressed-javed-akhtar-is-searching-for-this-singer-moazzam-ali-khan-of-pakistan-with-voice-like-jagjit-singh-101742004600583.html
#geopolitics #TheAsiaHawk","","","linkedin","The Asia Hawk","","","","","","2025-03-17-01-49-34-526","https://www.hindustantimes.com/entertainment/music/impressed-javed-akhtar-is-searching-for-this-singer-moazzam-ali-khan-of-pakistan-with-voice-like-jagjit-singh-101742004600583.html",
"2025-03-21 03:04 PM;","Qantas boss John Mullen warns business about geopolitics, Australian fuel security
Now it has two: Viva Energy's Geelong refinery and Ampol's Lytton refinery in Brisbane. Some 30 per cent of imported refined jet fuel comes from China ...
More Info. 
https://www.weeklytimesnow.com.au/news/breaking-news/qantas-boss-john-mullen-warns-business-about-geopolitics-australian-fuel-security/news-story/312a8a35f493476ea8ed306910855f40
#geopolitics #TheAsiaHawk","","","linkedin","The Asia Hawk","","","","","","2025-03-17-01-49-34-526","https://www.weeklytimesnow.com.au/news/breaking-news/qantas-boss-john-mullen-warns-business-about-geopolitics-australian-fuel-security/news-story/312a8a35f493476ea8ed306910855f40",
"2025-03-21 04:01 PM;","Kevin Limonier:  quot Social media is a digital territory, and we need to control it for our national security quot
For me, there is a profoundly asymmetrical circumstantial alliance between China and Russia because China is clearly a geopolitical superpower.
More Info. 
https://agendapublica.es/noticia/19720/kevin-limonier-social-media-is-digital-territory-and-we-need-to-control-it-for-our-national-security
#geopolitics #TheAsiaHawk","","","linkedin","The Asia Hawk","","","","","","2025-03-17-01-49-34-526","https://agendapublica.es/noticia/19720/kevin-limonier-social-media-is-digital-territory-and-we-need-to-control-it-for-our-national-security",
"2025-03-21 04:58 PM;","39 Almost irrelevant  39 : PM Modi says organisations like UN failing to fulfill their roles
India News: NEW DELHI: Prime Minister Narendra Modi, in an interview with US-based podcaster and AI researcher Lex Fridman on Sunday, ...
More Info. 
https://timesofindia.indiatimes.com/india/almost-irrelevant-pm-modi-says-organisations-like-un-failing-to-fulfill-their-roles/articleshow/119081573.cms
#geopolitics #TheAsiaHawk","","","linkedin","The Asia Hawk","","","","","","2025-03-17-01-49-34-526","https://timesofindia.indiatimes.com/india/almost-irrelevant-pm-modi-says-organisations-like-un-failing-to-fulfill-their-roles/articleshow/119081573.cms",
"2025-03-21 05:55 PM;","Amritpal Singh's 7 Aides to Return To Punjab As National Security Act Detention Ends
The seven associates will face the law in the 2023 Ajnala police station attack incident, the officer said. Advertisement. Press Trust of India ...
More Info. 
https://www.ndtv.com/india-news/amritpal-singhs-7-aides-to-return-to-punjab-as-national-security-act-detention-ends-7937375
#geopolitics #TheAsiaHawk","","","linkedin","The Asia Hawk","","","","","","2025-03-17-01-49-34-526","https://www.ndtv.com/india-news/amritpal-singhs-7-aides-to-return-to-punjab-as-national-security-act-detention-ends-7937375",
"2025-03-21 06:52 PM;","Chief Election Commissioner Calls Top Officials  39  Meeting Over Linking Aadhaar, Voter ID
India's Election Commission has called for a high ... Geopolitics Rips Into A Remote Indian Border Village   Inside South Asia   WION.
More Info. 
https://www.youtube.com/watch?v=k-VDYzCrXFc
#geopolitics #TheAsiaHawk","","","linkedin","The Asia Hawk","","","","","","2025-03-17-01-49-34-526","https://www.youtube.com/watch?v=k-VDYzCrXFc",
"2025-03-21 07:49 PM;","Five years after ban, Shein is back in India. Or is it?   The Straits Times
Bilateral ties spiralled downwards and more apps were subsequently banned due to national security concerns. But with the recent warming of ...
More Info. 
https://www.straitstimes.com/asia/south-asia/five-years-after-ban-shein-is-back-in-india-or-is-it
#geopolitics #TheAsiaHawk","","","linkedin","The Asia Hawk","","","","","","2025-03-17-01-49-34-526","https://www.straitstimes.com/asia/south-asia/five-years-after-ban-shein-is-back-in-india-or-is-it",
"2025-03-21 08:46 PM;","Tulsi Gabbard in Delhi for key talks, Bangladesh expected on agenda - Dhaka Tribune
... India's National Security Adviser  NSA  Ajit Doval, with Bangladesh expected to be a key topic of discussion. During this trip,...
More Info. 
https://www.dhakatribune.com/world/south-asia/376468/tulsi-gabbard-in-delhi-for-key-talks-bangladesh
#geopolitics #TheAsiaHawk","","","linkedin","The Asia Hawk","","","","","","2025-03-17-01-49-34-526","https://www.dhakatribune.com/world/south-asia/376468/tulsi-gabbard-in-delhi-for-key-talks-bangladesh",
"2025-03-21 09:43 PM;","Airbus and Embraer eye Poland for swords, plowshares and a partner - The Air Current
Competition in Poland intersects with rapidly-changing geopolitics. ... Related: Embraer CEO: 'Geopolitical alignment' makes China tilt 'natural'.
More Info. 
https://theaircurrent.com/industry-strategy/airbus-embraer-poland-lot-e2-a400m-c390-geopolitics-russia-trump/
#geopolitics #TheAsiaHawk","","","linkedin","The Asia Hawk","","","","","","2025-03-17-01-49-34-526","https://theaircurrent.com/industry-strategy/airbus-embraer-poland-lot-e2-a400m-c390-geopolitics-russia-trump/",
"2025-03-21 10:40 PM;","Xi Jinping  39 s Grand Strategy: Innovation, Self-Reliance, and Power - Frontier India
... China, the two most critical issues have been technology and geopolitics. China may feel a slight reduction in geopolitical pressure, but Trump ...
More Info. 
https://frontierindia.com/xi-jinpings-grand-strategy-innovation-self-reliance-and-power/
#geopolitics #TheAsiaHawk","","","linkedin","The Asia Hawk","","","","","","2025-03-17-01-49-34-526","https://frontierindia.com/xi-jinpings-grand-strategy-innovation-self-reliance-and-power/",
"2025-03-21 11:37 PM;","Pakistan train hijack, international tariffs, Champions Trophy win, India's chess talents
?                                               ?                                        ?                    ShekharSeSawaal                      -  -         nbsp ...
More Info. 
https://www.youtube.com/watch?v=py4suAsm9jY
#geopolitics #TheAsiaHawk","","","linkedin","The Asia Hawk","","","","","","2025-03-17-01-49-34-526","https://www.youtube.com/watch?v=py4suAsm9jY",
"2025-03-22 12:34 AM;","Pakistan's Economic Crossroads: Unlocking Growth Through Reform And Innovation
URAAN Pakistan: Balancing Growth And Geopolitics   Urooj Saif   A Green Pakistan For Whom? Development Or Deprivation In Sindh's ... Majid Nabi Burfat ...
More Info. 
https://thefridaytimes.com/15-Mar-2025/pakistan-s-economic-crossroads-unlocking-growth-through-reform-and-innovation
#geopolitics #TheAsiaHawk","","","linkedin","The Asia Hawk","","","","","","2025-03-17-01-49-34-526","https://thefridaytimes.com/15-Mar-2025/pakistan-s-economic-crossroads-unlocking-growth-through-reform-and-innovation",
"2025-03-22 01:31 AM;","Columbia University Indian Student Self-Deports After US Revokes Visa Over Hamas Support
Homeland Security statement on visa revocation. US Secretary of Homeland Security Kristi Noem confirmed the self-deportation, stating:  It is a ...
More Info. 
https://www.pgurus.com/columbia-university-indian-student-self-deports-after-us-revokes-visa-over-hamas-support/
#geopolitics #TheAsiaHawk","","","linkedin","The Asia Hawk","","","","","","2025-03-17-01-49-34-526","https://www.pgurus.com/columbia-university-indian-student-self-deports-after-us-revokes-visa-over-hamas-support/",
"2025-03-22 02:28 AM;","The Cost of Ignoring Geopolitics - RealClearDefense
Related Topics: geopolitics, Napoleon Bonaparte, Ming Dynasty, Europe, china, Russia. Comment. Show comments Hide Comments. You must be logged in to ...
More Info. 
https://www.realcleardefense.com/2025/03/15/the_cost_of_ignoring_geopolitics_1097766.html
#geopolitics #TheAsiaHawk","","","linkedin","The Asia Hawk","","","","","","2025-03-17-01-49-34-526","https://www.realcleardefense.com/2025/03/15/the_cost_of_ignoring_geopolitics_1097766.html",
"2025-03-22 03:25 AM;","PM Modi pitches trust reboot with China, warns rivalry must fuel growth - Fortune India
PM Modi discusses India-China ties on Lex Fridman podcast, urging trust, cooperation, and healthy competition to avoid conflict and drive growth.
More Info. 
https://www.fortuneindia.com/business-news/rebuilding-trust-with-china-has-begun-pm-modi-pitches-trust-reboot-with-china-warns-rivalry-must-fuel-growth/121189
#geopolitics #TheAsiaHawk","","","linkedin","The Asia Hawk","","","","","","2025-03-17-01-49-34-526","https://www.fortuneindia.com/business-news/rebuilding-trust-with-china-has-begun-pm-modi-pitches-trust-reboot-with-china-warns-rivalry-must-fuel-growth/121189",
"2025-03-22 04:22 AM;","US intelligence chief Tulsi Gabbard visits India for high-level security talks
New Delhi: US Director of National Intelligence  DNI  Tulsi Gabbard arrived in India on Sunday as part of her multi-nation tour of the ...
More Info. 
https://neherald.com/national/us-intelligence-chief-tulsi-gabbard-visits-india-for-high-level-security-talks
#geopolitics #TheAsiaHawk","","","linkedin","The Asia Hawk","","","","","","2025-03-17-01-49-34-526","https://neherald.com/national/us-intelligence-chief-tulsi-gabbard-visits-india-for-high-level-security-talks",
"2025-03-22 05:19 AM;","China Rains Fire On Trump Panama Canal Plan After Big U.S. Move - YouTube
... Chinese influence, though Panama retains control. Click to know more.  china  blackrock  panamacanal  geopolitics  uschinarelations  trade  ports ...
More Info. 
https://www.youtube.com/watch?v=RekYYaPBcXM&pp=0gcJCUUJAYcqIYzv
#geopolitics #TheAsiaHawk","","","linkedin","The Asia Hawk","","","","","","2025-03-17-01-49-34-526","https://www.youtube.com/watch?v=RekYYaPBcXM&pp=0gcJCUUJAYcqIYzv",
"2025-03-22 06:16 AM;","China's rise hampers India's effort to be leader of Global South: Army Chief Gen Upendra Dwivedi
... national security while advocating for India to align with international frameworks and play an active global role.
More Info. 
https://m.economictimes.com/news/defence/chinas-rise-hampers-indias-effort-to-be-leader-of-global-south-army-chief-gen-upendra-dwivedi/articleshow/119082504.cms
#geopolitics #TheAsiaHawk","","","linkedin","The Asia Hawk","","","","","","2025-03-17-01-49-34-526","https://m.economictimes.com/news/defence/chinas-rise-hampers-indias-effort-to-be-leader-of-global-south-army-chief-gen-upendra-dwivedi/articleshow/119082504.cms",
"2025-03-22 07:13 AM;","US intelligence chief Tulsi Gabbard attends top security meet in Delhi - Hindustan Times
... National Security Adviser Ajit Doval in Delhi on Sunday. New Delhi: US Director of National Intelligence  DNI  Tulsi Gabbard is in India to ...
More Info. 
https://www.hindustantimes.com/india-news/us-intelligence-chief-tulsi-gabbard-attends-top-security-meet-in-delhi-101742137634748.html
#geopolitics #TheAsiaHawk","","","linkedin","The Asia Hawk","","","","","","2025-03-17-01-49-34-526","https://www.hindustantimes.com/india-news/us-intelligence-chief-tulsi-gabbard-attends-top-security-meet-in-delhi-101742137634748.html",
"2025-03-22 08:10 AM;","Japanese anime studios go on the offensive in India - Nikkei Asia
... India as a growth area. The company began Indian operations in 2019, following forays into China and Thailand. This January, Geek Pictures ...
More Info. 
https://asia.nikkei.com/Business/Media-Entertainment/Japanese-anime-studios-go-on-the-offensive-in-India
#geopolitics #TheAsiaHawk","","","linkedin","The Asia Hawk","","","","","","2025-03-17-01-49-34-526","https://asia.nikkei.com/Business/Media-Entertainment/Japanese-anime-studios-go-on-the-offensive-in-India",
"2025-03-22 09:07 AM;","'Competition is good, conflict is not': What PM Modi told Lex Fridman on India-China relations - Mint
PM Modi in a chat with Lex Fridman highlighted India-China ties, stressing dialogue over discord. He acknowledged 2020 border tensions but said ...
More Info. 
https://www.livemint.com/news/india/competition-is-good-conflict-is-not-what-pm-modi-told-lex-fridman-on-india-china-relations-podcast-11742141966920.html
#geopolitics #TheAsiaHawk","","","linkedin","The Asia Hawk","","","","","","2025-03-17-01-49-34-526","https://www.livemint.com/news/india/competition-is-good-conflict-is-not-what-pm-modi-told-lex-fridman-on-india-china-relations-podcast-11742141966920.html",
"2025-03-22 10:04 AM;","Geopolitics Rips Into A Remote Indian Border Village   Inside South Asia   WION - YouTube
Why China is interested in Arunachal Pradesh  Tawang    India China border conflict   Tawang clash. Amit Sengupta 1.7M views   25:42   Go to channel ...
More Info. 
https://www.youtube.com/watch?v=zyOZhHFWb1s
#geopolitics #TheAsiaHawk","","","linkedin","The Asia Hawk","","","","","","2025-03-17-01-49-34-526","https://www.youtube.com/watch?v=zyOZhHFWb1s",
"2025-03-22 11:01 AM;","Lex Fridman x Narendra Modi   A Historic Conversation    Crypto PM on Binance Square
AI, technology, India's role in geopolitics, and more  The episode drops tomorrow, and the anticipation is sky-high . Set your ...
More Info. 
https://www.binance.com/en/square/post/21584272454882
#geopolitics #TheAsiaHawk","","","linkedin","The Asia Hawk","","","","","","2025-03-17-01-49-34-526","https://www.binance.com/en/square/post/21584272454882",
"2025-03-22 11:58 AM;","Explained: Trump travel ban 2.0 to affect 43 countries including Afghanistan, Pakistan
Trump said that he intended to protect American citizens  from aliens who intend to commit terrorist attacks, threaten our national security, espouse ...
More Info. 
https://indianexpress.com/article/explained/explained-global/trump-travel-ban-43-countries-9887497/
#geopolitics #TheAsiaHawk","","","linkedin","The Asia Hawk","","","","","","2025-03-17-01-49-34-526","https://indianexpress.com/article/explained/explained-global/trump-travel-ban-43-countries-9887497/",
"2025-03-22 12:55 PM;","How India can tap into the  20 billion renewable energy market with AI and SCADA
Gold bulls charge ahead: Tariffs, Fed cuts   geopolitics fuel rally. In the US, the SPDR Gold Trust, the world's largest gold-backed ETF, saw its ...
More Info. 
https://www.fortuneindia.com/opinion/how-india-can-leverage-ai-scada-for-a-20-billion-remote-asset-management-market-in-renewable-energy/121187
#geopolitics #TheAsiaHawk","","","linkedin","The Asia Hawk","","","","","","2025-03-17-01-49-34-526","https://www.fortuneindia.com/opinion/how-india-can-leverage-ai-scada-for-a-20-billion-remote-asset-management-market-in-renewable-energy/121187",
"2025-03-22 01:52 PM;","'There's perception that Pakistan has best seamers. No': England's World Cup winner ...
Moeen Ali didn't mince his words as he talked about the Pakistan pace bowling trio in limited-overs formats.   Crickit.
More Info. 
https://www.hindustantimes.com/cricket/theres-perception-that-pakistan-has-best-seamers-no-englands-world-cup-winner-crushes-shaheen-haris-naseem-myth-101742022585875.html
#geopolitics #TheAsiaHawk","","","linkedin","The Asia Hawk","","","","","","2025-03-17-01-49-34-526","https://www.hindustantimes.com/cricket/theres-perception-that-pakistan-has-best-seamers-no-englands-world-cup-winner-crushes-shaheen-haris-naseem-myth-101742022585875.html",
"2025-03-22 02:49 PM;","'They Only Gave Hostility': PM Modi on Peace Efforts with Pakistan   Lex Fridman - YouTube
Prime Minister Narendra Modi discussed India's repeated attempts to establish peace with Pakistan. He recalled inviting then Pakistani PM Nawaz ...
More Info. 
https://www.youtube.com/watch?v=wpTUqXyDYTA
#geopolitics #TheAsiaHawk","","","linkedin","The Asia Hawk","","","","","","2025-03-17-01-49-34-526","https://www.youtube.com/watch?v=wpTUqXyDYTA",
"2025-03-22 03:46 PM;","Modi Optimistic on China Ties, Urges Trust and Healthy Competition - The Hawk
Asia geopoliticsInternational diplomacyIndia-China RelationsIndia-China borderPM Modi speechesGlobal stabilityLex Fridman podcast. Related posts ...
More Info. 
https://www.thehawk.in/news/india/modi-optimistic-on-china-ties-urges-trust-and-healthy-competition
#geopolitics #TheAsiaHawk","","","linkedin","The Asia Hawk","","","","","","2025-03-17-01-49-34-526","https://www.thehawk.in/news/india/modi-optimistic-on-china-ties-urges-trust-and-healthy-competition",
"2025-03-22 04:43 PM;","Pakistan to file complaint with UN against IEA and India - Ariana News
Pakistan's Permanent Representative to the United Nations, Munir Akram, says Islamabad will submit a complaint to the UN against the Islamic ...
More Info. 
https://www.ariananews.af/pakistan-to-file-complaint-with-un-against-iea-and-india/
#geopolitics #TheAsiaHawk","","","linkedin","The Asia Hawk","","","","","","2025-03-17-01-49-34-526","https://www.ariananews.af/pakistan-to-file-complaint-with-un-against-iea-and-india/",
"2025-03-22 05:40 PM;","India in Talks With New Zealand on Trade Deal as US Tariffs Loom - Bloomberg
India has started negotiations on a free trade deal with New ... China Piles the Pressure on India in Its Own Backyard. by Peter Martin ...
More Info. 
https://www.bloomberg.com/news/articles/2025-03-16/india-in-talks-with-new-zealand-on-trade-deal-as-us-tariffs-loom
#geopolitics #TheAsiaHawk","","","linkedin","The Asia Hawk","","","","","","2025-03-17-01-49-34-526","https://www.bloomberg.com/news/articles/2025-03-16/india-in-talks-with-new-zealand-on-trade-deal-as-us-tariffs-loom",
"2025-03-22 06:37 PM;","PM Modi discusses Indian heritage, Pakistan ties, RSS and more on Lex Fridman's podcast
PM Modi Podcast: Prime Minister Narendra Modi emphasizes India's cultural heritage and commitment to peace in a podcast with Lex Fridman.
More Info. 
https://m.economictimes.com/news/india/pm-modi-lex-fridman-podcast-modi-talks-about-world-peace-indian-heritage-on-lex-fridmans-podcast/articleshow/119075957.cms
#geopolitics #TheAsiaHawk","","","linkedin","The Asia Hawk","","","","","","2025-03-17-01-49-34-526","https://m.economictimes.com/news/india/pm-modi-lex-fridman-podcast-modi-talks-about-world-peace-indian-heritage-on-lex-fridmans-podcast/articleshow/119075957.cms",
"2025-03-22 07:34 PM;","PM Modi weighs in on India-Pakistan cricket rivalry, says 'recent result reveals who's better'
India recently lifted the Champions Trophy and cruised past Pakistan in an undefeated tournament run.
More Info. 
https://www.financialexpress.com/sports/pm-modi-weighs-in-on-india-pakistan-cricket-rivalry-says-recent-result-reveals-whos-better/3778800/
#geopolitics #TheAsiaHawk","","","linkedin","The Asia Hawk","","","","","","2025-03-17-01-49-34-526","https://www.financialexpress.com/sports/pm-modi-weighs-in-on-india-pakistan-cricket-rivalry-says-recent-result-reveals-whos-better/3778800/",
"2025-03-22 08:31 PM;","Putin 'in trouble' if Europe starts speaking to China   Igor Novikov - YouTube
... China will play a  major role  in Ukraine if the US withdraws from its  traditional geopolitical role . Join this channel to get access to perks ...
More Info. 
https://www.youtube.com/watch?v=Xih_oFyAiug
#geopolitics #TheAsiaHawk","","","linkedin","The Asia Hawk","","","","","","2025-03-17-01-49-34-526","https://www.youtube.com/watch?v=Xih_oFyAiug",
"2025-03-22 09:28 PM;","After My Recent Meeting With President Xi... : PM Modi On India-China Ties - YouTube
PM Modi Podcast With Lex Fridman   Prime Minister Narendra Modi has stressed on strengthening relations with China despite past tensions, ...
More Info. 
https://www.youtube.com/watch?v=Z7KPQEvgIRM
#geopolitics #TheAsiaHawk","","","linkedin","The Asia Hawk","","","","","","2025-03-17-01-49-34-526","https://www.youtube.com/watch?v=Z7KPQEvgIRM",
"2025-03-22 10:25 PM;","'Pak Only Gave Hostility, Rebuffed': PM Modi on India-Pakistan Relations, Peace Efforts, Challenges
Prime Minister Narendra Modi discusses India-Pakistan relations, recounting historical context and his efforts for peace.
More Info. 
https://www.youtube.com/watch?v=QIxtRH1Cvck
#geopolitics #TheAsiaHawk","","","linkedin","The Asia Hawk","","","","","","2025-03-17-01-49-34-526","https://www.youtube.com/watch?v=QIxtRH1Cvck",
"2025-03-22 11:22 PM;","Indian student gets visa cancelled for pro-Palestine protests, 'self-deports' to India
The student  self-deported  on March 11 to return to India, the Department of Homeland Security said. Ranjani Srinivasan, an Indian national ...
More Info. 
https://www.uniindia.com/news/india/indian-student-deport/3414076.html
#geopolitics #TheAsiaHawk","","","linkedin","The Asia Hawk","","","","","","2025-03-17-01-49-34-526","https://www.uniindia.com/news/india/indian-student-deport/3414076.html",
"2025-03-23 12:19 AM;","India's Zetwerk mulls public listing within two years, co-founder says - Yahoo Finance
India's Zetwerk is considering a stock market listing within 24 months ... China.  India is going to be a long-term bet for any global supply ...
More Info. 
https://finance.yahoo.com/news/indias-zetwerk-mulls-public-listing-141504409.html
#geopolitics #TheAsiaHawk","","","linkedin","The Asia Hawk","","","","","","2025-03-17-01-49-34-526","https://finance.yahoo.com/news/indias-zetwerk-mulls-public-listing-141504409.html",
"2025-03-23 01:16 AM;","Responding to the new geoeconomics and geopolitics - Sabah's Leading News Portal
However, OBOR BRI projects should support not only foreign direct investment  FDI  from China but also all needed and innovative investments from ...
More Info. 
https://www.dailyexpress.com.my/read/6002/responding-to-the-new-geoeconomics-and-geopolitics/
#geopolitics #TheAsiaHawk","","","linkedin","The Asia Hawk","","","","","","2025-03-17-01-49-34-526","https://www.dailyexpress.com.my/read/6002/responding-to-the-new-geoeconomics-and-geopolitics/",
"2025-03-23 02:13 AM;","Just Like Nixon, Trump is Making China Great Again  - The Quint
Will China use this geopolitical vacuum to annex Taiwan? Or will it behave with the restraint and wisdom of great power, leash its adventurous ...
More Info. 
https://www.thequint.com/opinion/first-richard-nixon-now-donald-trump-making-china-great-again
#geopolitics #TheAsiaHawk","","","linkedin","The Asia Hawk","","","","","","2025-03-17-01-49-34-526","https://www.thequint.com/opinion/first-richard-nixon-now-donald-trump-making-china-great-again",
"2025-03-23 03:10 AM;","Chinese training fighter jet pilot parachutes to safety after crash, PLA Navy says - Reuters
China   Europe   India   Israel and Hamas at War   Japan   Middle East   Ukraine and Russia at War   United Kingdom   United States   Reuters NEXT.
More Info. 
https://www.reuters.com/world/china/chinese-training-fighter-jet-pilot-parachutes-safety-after-crash-pla-navy-says-2025-03-15/
#geopolitics #TheAsiaHawk","","","linkedin","The Asia Hawk","","","","","","2025-03-17-01-49-34-526","https://www.reuters.com/world/china/chinese-training-fighter-jet-pilot-parachutes-safety-after-crash-pla-navy-says-2025-03-15/",
"2025-03-23 04:07 AM;","Pakistan Army Faces Mounting Challenges As Attacks Escalate In Balochistan   India Today
Pakistan Army faces increasing challenges as attacks escalate in Balochistan. Recent incidents include suicide bombings and IED attacks, ...
More Info. 
https://m.youtube.com/watch?v=3u9hY2LhVfI
#geopolitics #TheAsiaHawk","","","linkedin","The Asia Hawk","","","","","","2025-03-17-01-49-34-526","https://m.youtube.com/watch?v=3u9hY2LhVfI",
"2025-03-23 05:04 AM;","Why Republicans want to ban Chinese nationals from studying in US? - Hindustan Times
However, the number of Chinese students in the US has been in the down trend for years now. Last year, China lost its status to India as the top ...
More Info. 
https://www.hindustantimes.com/world-news/why-republicans-want-to-ban-chinese-nationals-from-studying-in-us-101742041637746.html
#geopolitics #TheAsiaHawk","","","linkedin","The Asia Hawk","","","","","","2025-03-17-01-49-34-526","https://www.hindustantimes.com/world-news/why-republicans-want-to-ban-chinese-nationals-from-studying-in-us-101742041637746.html",
"2025-03-23 06:01 AM;","Baloch rebels claim they killed 214 army hostages, blame Pak's 'stubbornness' - India Today
... Pakistani military in exchange for the hostages.  However, Pakistan, displaying its traditional stubbornness and military arrogance, not only ...
More Info. 
https://www.indiatoday.in/world/story/pakistan-jaffar-express-train-hijack-baloch-militants-execute-214-military-hostages-2693827-2025-03-15
#geopolitics #TheAsiaHawk","","","linkedin","The Asia Hawk","","","","","","2025-03-17-01-49-34-526","https://www.indiatoday.in/world/story/pakistan-jaffar-express-train-hijack-baloch-militants-execute-214-military-hostages-2693827-2025-03-15",
"2025-03-23 06:58 AM;","BJP turning India into 'a Hindu Pakistan', Sanjay Raut says in Saamana
Sanjay Raut accuses BJP of inciting communal tensions, warns of India becoming 'Hindu Pakistan' in Saamana editorial.
More Info. 
https://www.thehindu.com/news/national/maharashtra/bjp-turning-india-into-a-hindu-pakistan-sanjay-raut-says-in-saamana/article69337787.ece
#geopolitics #TheAsiaHawk","","","linkedin","The Asia Hawk","","","","","","2025-03-17-01-49-34-526","https://www.thehindu.com/news/national/maharashtra/bjp-turning-india-into-a-hindu-pakistan-sanjay-raut-says-in-saamana/article69337787.ece",
"2025-03-23 07:55 AM;","PM shreds Pakistan in podcast, says every peace attempt was met with betrayal
In Short. PM Modi says terrorism deeply rooted in Pakistan  Says Pakistan is waging a proxy war against India  Says India urged Pakistan to stop ...
More Info. 
https://www.indiatoday.in/india/story/pm-modi-lex-fridman-podcast-pakistan-cross-border-terrorism-peace-overtures-2694310-2025-03-16
#geopolitics #TheAsiaHawk","","","linkedin","The Asia Hawk","","","","","","2025-03-17-01-49-34-526","https://www.indiatoday.in/india/story/pm-modi-lex-fridman-podcast-pakistan-cross-border-terrorism-peace-overtures-2694310-2025-03-16",
"2025-03-23 08:52 AM;","PM Modi to inaugurate three-day Raisina Dialogue on Monday - The Tribune
Prime Minister Narendra Modi will inaugurate the three-day Raisina Dialogue   India's flagship conference on geopolitics and geo-economics   on ...
More Info. 
https://www.tribuneindia.com/news/india/pm-modi-to-inaugurate-three-day-raisina-dialogue-on-monday/
#geopolitics #TheAsiaHawk","","","linkedin","The Asia Hawk","","","","","","2025-03-17-01-49-34-526","https://www.tribuneindia.com/news/india/pm-modi-to-inaugurate-three-day-raisina-dialogue-on-monday/",
"2025-03-23 09:49 AM;","10th Raisina Dialogue to see over 3,500 participants from 25 countries
The Raisina Dialogue is India's flagship conference on geopolitics and geo-economics. The theme of the 2025 edition of Raisina Dialogue is ...
More Info. 
https://www.indianewsnetwork.com/en/20250316/10th-raisina-dialogue-to-see-over-3-500-participants-from-25-countries
#geopolitics #TheAsiaHawk","","","linkedin","The Asia Hawk","","","","","","2025-03-17-01-49-34-526","https://www.indianewsnetwork.com/en/20250316/10th-raisina-dialogue-to-see-over-3-500-participants-from-25-countries",
"2025-03-23 10:46 AM;","India's EMS boom: Dixon   Kaynes confident of sustained high growth - CNBC TV18
However, it is still far lower than China's exports. India's share of electronic exports to the US is just 2 3 , while China's stands at around 35 .
More Info. 
https://www.cnbctv18.com/business/indias-ems-boom-dixon-kaynes-confident-of-sustained-high-growth-19573850.htm
#geopolitics #TheAsiaHawk","","","linkedin","The Asia Hawk","","","","","","2025-03-17-01-49-34-526","https://www.cnbctv18.com/business/indias-ems-boom-dixon-kaynes-confident-of-sustained-high-growth-19573850.htm",
"2025-03-23 11:43 AM;","Nepali Foreign Minister Deuba visits New Delhi to attend Raisina Dialogue
The Raisina Dialogue is India's flagship conference on geopolitics and geo-economics, committed to addressing the most challenging issues facing the ...
More Info. 
https://neherald.com/national/nepali-foreign-minister-deuba-visits-new-delhi-to-attend-raisina-dialogue
#geopolitics #TheAsiaHawk","","","linkedin","The Asia Hawk","","","","","","2025-03-17-01-49-34-526","https://neherald.com/national/nepali-foreign-minister-deuba-visits-new-delhi-to-attend-raisina-dialogue",
"2025-03-23 12:40 PM;","New Immigration Law In India Aims To Boost Security And Simplify Visa Policies
If passed by Parliament, the bill will overhaul existing immigration laws, bringing stricter penalties for violations and reinforcing national ...
More Info. 
https://www.travelandtourworld.com/news/article/new-immigration-law-in-india-aims-to-boost-security-and-simplify-visa-policies/
#geopolitics #TheAsiaHawk","","","linkedin","The Asia Hawk","","","","","","2025-03-17-01-49-34-526","https://www.travelandtourworld.com/news/article/new-immigration-law-in-india-aims-to-boost-security-and-simplify-visa-policies/",
"2025-03-23 01:37 PM;","Trump administration weighs travel ban on dozens of countries, memo says - The Hindu
... India-Pakistan border, Balochistan and Khyber Pakhtunkhwa. In the second group, five countries   Eritrea, Haiti, Laos, Myanmar and South Sudan ...
More Info. 
https://www.thehindu.com/news/international/trump-administration-weighs-travel-ban-on-dozens-of-countries-memo-says/article69332980.ece
#geopolitics #TheAsiaHawk","","","linkedin","The Asia Hawk","","","","","","2025-03-17-01-49-34-526","https://www.thehindu.com/news/international/trump-administration-weighs-travel-ban-on-dozens-of-countries-memo-says/article69332980.ece",
"2025-03-23 02:34 PM;","Myanmar Beyond 2025: Navigating Challenges and Opportunities in Multipolar World
... geopolitics challenges and opportunities for Myanmar. Local and international experts about geoeconomics and geopolitics from Russia, China, India ...
More Info. 
https://www.moi.gov.mm/moi:eng/announcements/17323
#geopolitics #TheAsiaHawk","","","linkedin","The Asia Hawk","","","","","","2025-03-17-01-49-34-526","https://www.moi.gov.mm/moi:eng/announcements/17323",
"2025-03-23 03:31 PM;","Indian Foreign Policy Towards China Post-2014 Opportunities and Challenges
exist between them  Ganguly, 2018 . 1.2 The Shift in 2014: Political and Geopolitical Changes. India and China's relationship ...
More Info. 
https://www.researchgate.net/publication/389729685_Indian_Foreign_Policy_Towards_China_Post-2014_Opportunities_and_Challenges/download
#geopolitics #TheAsiaHawk","","","linkedin","The Asia Hawk","","","","","","2025-03-17-01-49-34-526","https://www.researchgate.net/publication/389729685_Indian_Foreign_Policy_Towards_China_Post-2014_Opportunities_and_Challenges/download",
"2025-03-23 04:28 PM;","Dialogue over discord: PM's reply to Lex Fridman's question on India-China ties
Prime Minister Narendra Modi, in an interview with Lex Fridman, stressed the importance of strengthening ties between India and China.
More Info. 
https://www.indiatoday.in/india/video/dialogue-over-discord-pms-reply-to-lex-fridmans-question-on-india-china-ties-2694345-2025-03-16
#geopolitics #TheAsiaHawk","","","linkedin","The Asia Hawk","","","","","","2025-03-17-01-49-34-526","https://www.indiatoday.in/india/video/dialogue-over-discord-pms-reply-to-lex-fridmans-question-on-india-china-ties-2694345-2025-03-16",
"2025-03-23 05:25 PM;","New Zealand PM in India to attend 10th Raisina Dialogue as chief guest  focus on trade, security
He will depart from India on March 20.  ANI . The Raisina Dialogue is India's flagship conference on geopolitics and geo-economics, committed to ...
More Info. 
https://www.hindustantimes.com/world-news/new-zealand-pm-in-india-to-attend-10th-raisina-dialogue-as-chief-guest-focus-on-trade-security-101742115896745.html
#geopolitics #TheAsiaHawk","","","linkedin","The Asia Hawk","","","","","","2025-03-17-01-49-34-526","https://www.hindustantimes.com/world-news/new-zealand-pm-in-india-to-attend-10th-raisina-dialogue-as-chief-guest-focus-on-trade-security-101742115896745.html",
"2025-03-23 06:22 PM;","Sri Lanka Guardian
Geopolitics Interviews. As India asserts itself as a ... Jaishankar was firm when discussing China, India's most pressing geopolitical challenge.
More Info. 
https://slguardian.org/27828-2/
#geopolitics #TheAsiaHawk","","","linkedin","The Asia Hawk","","","","","","2025-03-17-01-49-34-526","https://slguardian.org/27828-2/",
"2025-03-23 07:19 PM;","Amid global uncertainties, spy chiefs from across world converge in Delhi - The Hindu
... security chiefs hosted by National Security Advisor Ajit Doval on Sunday  March 16, 2025 . The meeting had over 28 attendees, according to ...
More Info. 
https://www.thehindu.com/news/national/amid-global-uncertainties-global-spy-chiefs-converge-in-delhi/article69337785.ece
#geopolitics #TheAsiaHawk","","","linkedin","The Asia Hawk","","","","","","2025-03-17-01-49-34-526","https://www.thehindu.com/news/national/amid-global-uncertainties-global-spy-chiefs-converge-in-delhi/article69337785.ece",
"2025-03-23 08:16 PM;","Pakistan Condemns Killings Of Muslims In Indian-Occupied Kashmir, In Palestine - YouTube
Pakistan's Former Foreign Secretary, Tehmina Janjua condemned Indian brutality in Occupied Kashmir and Israeli brutal war in Gaza against Genocide ...
More Info. 
https://www.youtube.com/watch?v=n4A_quIplXM
#geopolitics #TheAsiaHawk","","","linkedin","The Asia Hawk","","","","","","2025-03-17-01-49-34-526","https://www.youtube.com/watch?v=n4A_quIplXM",
"2025-03-23 09:13 PM;","Sikh radical MP Amritpal  39 s aides to face trial in Punjab - The Hindu
... India   Punjab. Sikh radical MP Amritpal's aides to face trial in Punjab. The ... National Security Act  NSA    to face trial in different cases ...
More Info. 
https://www.thehindu.com/news/national/punjab/sikh-radical-mp-amritpals-aides-to-face-trial-in-punjab/article69337544.ece
#geopolitics #TheAsiaHawk","","","linkedin","The Asia Hawk","","","","","","2025-03-17-01-49-34-526","https://www.thehindu.com/news/national/punjab/sikh-radical-mp-amritpals-aides-to-face-trial-in-punjab/article69337544.ece",
"2025-03-23 10:10 PM;","China's anxiety over India's border development
Chinese scholars generally agree that under Prime Minister Modi's leadership, India has gradually shifted away from the  scorched earth  defensive ...
More Info. 
https://sundayguardianlive.com/opinion/chinas-anxiety-over-indias-border-development
#geopolitics #TheAsiaHawk","","","linkedin","The Asia Hawk","","","","","","2025-03-17-01-49-34-526","https://sundayguardianlive.com/opinion/chinas-anxiety-over-indias-border-development",
"2025-03-23 11:07 PM;","Silent invasion: China's fishing fleet is militarising the Indian Ocean
The link between China's fishing fleet and its naval presence is evident in the expansion of PLAN bases and dual-use ports across the Indian ...
More Info. 
https://sundayguardianlive.com/top-five/silent-invasion-chinas-fishing-fleet-is-militarising-the-indian-ocean
#geopolitics #TheAsiaHawk","","","linkedin","The Asia Hawk","","","","","","2025-03-17-01-49-34-526","https://sundayguardianlive.com/top-five/silent-invasion-chinas-fishing-fleet-is-militarising-the-indian-ocean",
"2025-03-24 12:04 AM;","Indian Student 'Self Deports' After Visa Revoked For Supporting Hamas   NewsX - YouTube
... india-news  Latest News Update: https:  www.newsx.com  Entertainment ... Mahmoud Khalil ARRESTED: Free Speech VS National Security. Dad Saves ...
More Info. 
https://www.youtube.com/watch?v=4I5IVPabJ1o
#geopolitics #TheAsiaHawk","","","linkedin","The Asia Hawk","","","","","","2025-03-17-01-49-34-526","https://www.youtube.com/watch?v=4I5IVPabJ1o",
