"2025-05-20 02:06 PM;","Internet puzzled at Ranveer Allahbadia discussing India-Pak conflict on Piers Morgan's show
... in a debate with Piers Morgan, discussing India-Pakistan tensions. Many questioned his qualifications to speak on geopolitics.
More Info. 
https://www.hindustantimes.com/entertainment/others/internet-puzzled-at-ranveer-allahbadia-discussing-india-pakistan-conflict-on-piers-morgans-show-operation-sindoor-101747117578190.html
#geopolitics #TheAsiaHawk","","","Facebook","The Asia Hawk","","","","","","2025-05-13-23-52-34-763","https://www.hindustantimes.com/entertainment/others/internet-puzzled-at-ranveer-allahbadia-discussing-india-pakistan-conflict-on-piers-morgans-show-operation-sindoor-101747117578190.html",
"2025-05-20 03:40 PM;","Understanding the Temporary De-Escalation of the U.S.-China Trade War - CSIS
Geopolitics and Foreign Policy   Global Development. Programs. Abshire-Inamori Leadership Academy   Aerospace Security Project   Africa Program ...
More Info. 
https://www.csis.org/analysis/understanding-temporary-de-escalation-us-china-trade-war
#geopolitics #TheAsiaHawk","","","Facebook","The Asia Hawk","","","","","","2025-05-13-23-52-34-763","https://www.csis.org/analysis/understanding-temporary-de-escalation-us-china-trade-war",
"2025-05-20 05:14 PM;","The way forward: Dawn - Asia News Network
Pakistan has repeatedly expressed its desire to see a negotiated settlement to Kashmir. ... Geopolitics   India   Pakistan   Region. Post navigation.
More Info. 
https://asianews.network/the-way-forward-dawn/
#geopolitics #TheAsiaHawk","","","Facebook","The Asia Hawk","","","","","","2025-05-13-23-52-34-763","https://asianews.network/the-way-forward-dawn/",
"2025-05-20 06:48 PM;","The Real Winner of the India-Pakistan Conflict May Be China - The Quint
Krishnan Srinivasan is a former foreign secretary of India  Manoj Mohanka follows Sino India Pakistan geopolitics closely and serves on corporate ...
More Info. 
https://www.thequint.com/opinion/india-pakistan-clashes-chinese-miltary-prowess
#geopolitics #TheAsiaHawk","","","Facebook","The Asia Hawk","","","","","","2025-05-13-23-52-34-763","https://www.thequint.com/opinion/india-pakistan-clashes-chinese-miltary-prowess",
"2025-05-20 08:22 PM;","Operation Sindoor was focused, measured and non-escalatory - The Hans India
It was a turning point in South Asian geopolitics. Pakistan was geographically divided. Now, under Prime Minister Narendra Modi's even doubly more ...
More Info. 
https://www.thehansindia.com/hans/opinion/news-analysis/operation-sindoor-was-focused-measured-and-non-escalatory-970603
#geopolitics #TheAsiaHawk","","","Facebook","The Asia Hawk","","","","","","2025-05-13-23-52-34-763","https://www.thehansindia.com/hans/opinion/news-analysis/operation-sindoor-was-focused-measured-and-non-escalatory-970603",
"2025-05-20 09:56 PM;","Agentic AI and national security take center stage at RSA Conference 2025 - indica News
Who won the India-Pakistan war? In a democracy, do people have the right to criticize the government? PARTHA CHAKRABORTY.
More Info. 
https://indicanews.com/agentic-ai-and-national-security-take-center-stage-at-rsa-conference-2025/
#geopolitics #TheAsiaHawk","","","Facebook","The Asia Hawk","","","","","","2025-05-13-23-52-34-763","https://indicanews.com/agentic-ai-and-national-security-take-center-stage-at-rsa-conference-2025/",
"2025-05-20 11:30 PM;","Hang Seng Struggles As Investor Worries Mount In China - Finimize
The Hang Seng's dip underscores the complex interplay between geopolitical tensions and market reactions. With US-China trade resolutions still ...
More Info. 
https://finimize.com/content/hang-seng-struggles-as-investor-worries-mount-in-china
#geopolitics #TheAsiaHawk","","","Facebook","The Asia Hawk","","","","","","2025-05-13-23-52-34-763","https://finimize.com/content/hang-seng-struggles-as-investor-worries-mount-in-china",
