"2025-04-05 02:38 AM;","The relationship between college students  39  self-identity and future orientation: a moderated ...
Parenting style had a moderating effect in the chain-mediation model. Specifically, among those reporting democratic parenting, self-identity is a ...
More Info. 
https://www.frontiersin.org/journals/psychology/articles/10.3389/fpsyg.2025.1461159/epub
#parenting #davesacademy","","","linkedin","Dave's Academy","","","","","","2025-04-04-22-26-21-923","https://www.frontiersin.org/journals/psychology/articles/10.3389/fpsyg.2025.1461159/epub",
"2025-04-05 06:50 AM;","'Tim doesn't speak Afrikaans': Demi-Leigh Tebow's parenting dilemma and passing down ...
As Demi-Leigh and Tim Tebow prepare for their first child, they face a parenting hurdle: Should they teach their daughter Afrikaans despite Tim's ...
More Info. 
https://www.news24.com/life/arts-and-entertainment/celebrities/tim-doesnt-speak-afrikaans-demi-leigh-tebows-parenting-dilemma-and-passing-down-her-heritage-20250403
#parenting #davesacademy","","","linkedin","Dave's Academy","","","","","","2025-04-04-22-26-21-923","https://www.news24.com/life/arts-and-entertainment/celebrities/tim-doesnt-speak-afrikaans-demi-leigh-tebows-parenting-dilemma-and-passing-down-her-heritage-20250403",
"2025-04-05 11:02 AM;","Millennial Hailed   39 Supermom  39  for Sharing Her 5 9 Before Her 4 Kids Wake Up - Newsweek
Newsweek spoke to Dorcy Pruter, co-parenting expert at Conscious Co-Parenting Institute, who recognized the divide online.  For some,  the routine  ...
More Info. 
https://www.newsweek.com/millennial-hailed-supermom-sharing-5-9-routine-before-kids-wake-2054815
#parenting #davesacademy","","","linkedin","Dave's Academy","","","","","","2025-04-04-22-26-21-923","https://www.newsweek.com/millennial-hailed-supermom-sharing-5-9-routine-before-kids-wake-2054815",
"2025-04-05 03:14 PM;","All the details on Megan Fox and MGK's co-parenting dynamic after calling off engagement
Megan Fox and MGK are figuring out the best way for their  celestial seed  to blossom. A source exclusively tells Page Six that the exes have...
More Info. 
https://pagesix.com/video/all-the-details-on-megan-fox-and-mgks-co-parenting-dynamic-after-calling-off-engagement/
#parenting #davesacademy","","","linkedin","Dave's Academy","","","","","","2025-04-04-22-26-21-923","https://pagesix.com/video/all-the-details-on-megan-fox-and-mgks-co-parenting-dynamic-after-calling-off-engagement/",
"2025-04-05 07:26 PM;","Kris Jenner Strongly Disagrees With Daughter Kourtney Kardashian on One Aspect of Parenting
Mothers don't always get along with their kids   and that doesn't change when the kids become parents themselves. Parenting styles and techniques ...
More Info. 
https://www.yahoo.com/lifestyle/kris-jenner-strongly-disagrees-daughter-195152334.html
#parenting #davesacademy","","","linkedin","Dave's Academy","","","","","","2025-04-04-22-26-21-923","https://www.yahoo.com/lifestyle/kris-jenner-strongly-disagrees-daughter-195152334.html",
"2025-04-05 11:38 PM;","Some of My Teen  39 s Favorite Things - Cup of Jo
Surprising Parenting Advice   Talking to Kids   about   Our Story   The Team   BOOK RECS   Press   Contact   Site Logo   Style   Beauty   Beauty ...
More Info. 
https://cupofjo.com/2025/04/04/335637/
#parenting #davesacademy","","","linkedin","Dave's Academy","","","","","","2025-04-04-22-26-21-923","https://cupofjo.com/2025/04/04/335637/",
"2025-04-06 03:50 AM;","Belgrade News Events - Parenting Mindfully with the Montana Mindfulness Project
Week 1: What is Mindful Parenting? Week 2: How We Grow Week 3: Mindful Thoughts Week 4: Compassion Week 5: Responding versus reacting Week 6: ...
More Info. 
https://www.belgrade-news.com/local-events/?_evDiscoveryPath=/event%2F2983226-parenting-mindfully-with-the-montana-mindfulness-project
#parenting #davesacademy","","","linkedin","Dave's Academy","","","","","","2025-04-04-22-26-21-923","https://www.belgrade-news.com/local-events/?_evDiscoveryPath=/event%2F2983226-parenting-mindfully-with-the-montana-mindfulness-project",
"2025-04-06 08:02 AM;","KHLOE KARDASHIAN CALLS SISTER KIM 'TWO-FACED' OVER A PARENTING DOUBLE ...
Khloe Kardashian and sister Kim have reignited a parenting-style dispute that has been going on between the two for at least a year now.
More Info. 
https://bckonline.com/2025/04/03/khloe-kardashian-calls-sister-kim-two-faced-over-a-parenting-double-standard/
#parenting #davesacademy","","","linkedin","Dave's Academy","","","","","","2025-04-04-22-26-21-923","https://bckonline.com/2025/04/03/khloe-kardashian-calls-sister-kim-two-faced-over-a-parenting-double-standard/",
"2025-04-06 12:14 PM;","'They are our life': Elton John gives moving insight into parenting his and David Furnish's children
'They are our life': Elton John gives moving insight into parenting his and David Furnish's children. 4 April 2025, 13:00. Elton John, David Furnish ...
More Info. 
https://www.smoothradio.com/artists/elton-john/david-furnish-children-interview/
#parenting #davesacademy","","","linkedin","Dave's Academy","","","","","","2025-04-04-22-26-21-923","https://www.smoothradio.com/artists/elton-john/david-furnish-children-interview/",
"2025-04-06 04:26 PM;","APA Search Results - American Psychological Association
The job of parenting aims to ensure children's health and safety, prepare children for life as productive adults, transmit cultural values, and more.
More Info. 
https://www.apa.org/search?query=parenting
#parenting #davesacademy","","","linkedin","Dave's Academy","","","","","","2025-04-04-22-26-21-923","https://www.apa.org/search?query=parenting",
"2025-04-06 08:38 PM;","Professors who parent: navigating motherhood at the University - The Cavalier Daily
From paid parental leave to Child Development Centers, the University has taken steps to ease the challenges of parenting and create a more family- ...
More Info. 
https://www.cavalierdaily.com/article/2025/04/professors-who-parent-navigating-motherhood-at-the-university
#parenting #davesacademy","","","linkedin","Dave's Academy","","","","","","2025-04-04-22-26-21-923","https://www.cavalierdaily.com/article/2025/04/professors-who-parent-navigating-motherhood-at-the-university",
"2025-04-07 12:50 AM;","Kris Jenner Strongly Disagrees With Daughter Kourtney Kardashian - SheKnows
Parenting styles and techniques change over the years, and grandparents sometimes clash with their adult children over it. Even celebrity families ...
More Info. 
https://www.sheknows.com/parenting/articles/1234863450/kris-jenner-disagrees-kourtney-kardashian-parenting/
#parenting #davesacademy","","","linkedin","Dave's Academy","","","","","","2025-04-04-22-26-21-923","https://www.sheknows.com/parenting/articles/1234863450/kris-jenner-disagrees-kourtney-kardashian-parenting/",
"2025-04-07 05:02 AM;","Khloe Kardashian, Kris Jenner slam Kim Kardashian over her parenting double standards
Los Angeles, April 3  SocialNews.XYZ  Reality star Khloe Kardashian has pointed out her sister Kim Kardashian's parenting double standards.
More Info. 
https://www.socialnews.xyz/2025/04/03/khloe-kardashian-kris-jenner-slam-kim-kardashian-over-her-parenting-double-standards/
#parenting #davesacademy","","","linkedin","Dave's Academy","","","","","","2025-04-04-22-26-21-923","https://www.socialnews.xyz/2025/04/03/khloe-kardashian-kris-jenner-slam-kim-kardashian-over-her-parenting-double-standards/",
"2025-04-07 09:14 AM;","Podcast: Parenting Young Adults: From Manager to Mentor - Psych Central
In this episode, host Gabe Howard teams up with award-winning speaker Dr. Michael Ayalon to unravel the art of transforming traditional parenting into ...
More Info. 
https://psychcentral.com/blog/podcast-parenting-young-adults-from-manager-to-mentor
#parenting #davesacademy","","","linkedin","Dave's Academy","","","","","","2025-04-04-22-26-21-923","https://psychcentral.com/blog/podcast-parenting-young-adults-from-manager-to-mentor",
"2025-04-07 01:26 PM;","Kourtney Kardashian makes rare admission about parenting son Rocky
Kourtney Kardashian made a rare decision about parenting her baby Rocky, which even Kris Jenner does not agree with.The 45-year-old celebrity mom ...
More Info. 
https://www.thenews.com.pk/latest/1297611-kourtney-kardashian-makes-rare-admission-about-parenting-son-rocky
#parenting #davesacademy","","","linkedin","Dave's Academy","","","","","","2025-04-04-22-26-21-923","https://www.thenews.com.pk/latest/1297611-kourtney-kardashian-makes-rare-admission-about-parenting-son-rocky",
"2025-04-07 05:38 PM;","8 essential reminders for parenting a child with autism - Daily Herald
When a child gets diagnosed with autism spectrum disorder  ASD , parents can easily get overwhelmed by questions and concerns.
More Info. 
https://www.dailyherald.com/20250403/health-and-fitness/8-essential-reminders-for-parenting-a-child-with-autism/
#parenting #davesacademy","","","linkedin","Dave's Academy","","","","","","2025-04-04-22-26-21-923","https://www.dailyherald.com/20250403/health-and-fitness/8-essential-reminders-for-parenting-a-child-with-autism/",
"2025-04-07 09:50 PM;","I Used to Return Everything I Bought at Target Until My Kids Shamed Me - Business Insider
Parenting. I used to return everything I bought from Target. I thought it was the ultimate parenting hack   I was wrong. Essay by Amanda Harding. a ...
More Info. 
https://www.businessinsider.com/mom-return-target-items-kids-shamed-2025-4
#parenting #davesacademy","","","linkedin","Dave's Academy","","","","","","2025-04-04-22-26-21-923","https://www.businessinsider.com/mom-return-target-items-kids-shamed-2025-4",
"2025-04-08 02:02 AM;","Chappell Roan is right. Raising kids in this country can be hell.
Look: Children are demanding by design. The majority of parents with kids under 5 say parenting is stressful most of the time. Yet to say this out ...
More Info. 
https://www.msnbc.com/opinion/msnbc-opinion/chappell-roan-podcast-motherhood-rcna199569
#parenting #davesacademy","","","linkedin","Dave's Academy","","","","","","2025-04-04-22-26-21-923","https://www.msnbc.com/opinion/msnbc-opinion/chappell-roan-podcast-motherhood-rcna199569",
"2025-04-08 06:14 AM;","Breaking My 33-Year Silence: Living with Autism  amp  Finding Acceptance
In order to support us to create more helpful information like this, please consider purchasing a subscription to Autism Parenting Magazine.
More Info. 
https://www.autismparentingmagazine.com/living-with-autism-finding-acceptance/
#parenting #davesacademy","","","linkedin","Dave's Academy","","","","","","2025-04-04-22-26-21-923","https://www.autismparentingmagazine.com/living-with-autism-finding-acceptance/",
"2025-04-08 10:26 AM;","Listener letters: Slate's parenting podcast.
Jamilah Lemieux, Lucy Lopez, Elizabeth Newcamp, and Zak Rosen share triumphs and fails and offer advice on parenting kids from toddler to teens. All ...
More Info. 
https://slate.com/podcasts/care-and-feeding/2025/04/listener-letters-slates-parenting-podcast
#parenting #davesacademy","","","linkedin","Dave's Academy","","","","","","2025-04-04-22-26-21-923","https://slate.com/podcasts/care-and-feeding/2025/04/listener-letters-slates-parenting-podcast",
"2025-04-08 02:38 PM;","Inside Kim Kardashian and Khloe's nasty parenting battle as Kris Jenner picks a side with ...
The parenting drama comes as Kim is in a nuclear custody battle with Kanye West over their four children North, 11, Saint, 9, Chicago, 7, and Psalm, 5 ...
More Info. 
https://www.dailymail.co.uk/tvshowbiz/article-14568169/Kim-Kardashian-Khloe-nasty-battle-Kris-Jenner.html
#parenting #davesacademy","","","linkedin","Dave's Academy","","","","","","2025-04-04-22-26-21-923","https://www.dailymail.co.uk/tvshowbiz/article-14568169/Kim-Kardashian-Khloe-nasty-battle-Kris-Jenner.html",
"2025-04-08 06:50 PM;","Lulu, 76, concedes   39 I wasn  39 t a great parent  39  as she shares rare insight into family life with ex ...
... parenting journey during a candid conversation with Hollywood actor Richard E Grant on her Turning Point podcast.
More Info. 
https://www.gbnews.com/celebrity/lulu-family-parent-son-john-frieda-jordan
#parenting #davesacademy","","","linkedin","Dave's Academy","","","","","","2025-04-04-22-26-21-923","https://www.gbnews.com/celebrity/lulu-family-parent-son-john-frieda-jordan",
"2025-04-08 11:02 PM;","Angelina Jolie Shares Emotional Parenting Moments and Family Life - Us Weekly
Angelina Jolie opens up about her family life, honoring her late mom and bonding with Zahara and Knox during her emotional parenting journey.
More Info. 
https://www.usmagazine.com/celebrity-moms/news/angelina-jolie-shares-emotional-parenting-moments-and-family-life/
#parenting #davesacademy","","","linkedin","Dave's Academy","","","","","","2025-04-04-22-26-21-923","https://www.usmagazine.com/celebrity-moms/news/angelina-jolie-shares-emotional-parenting-moments-and-family-life/",
"2025-04-09 03:14 AM;","Why Michelle Williams Feels Humbled by Parenting Young Kids  Exclusive  - People.com
Why Dying for Sex Costars Michelle Williams and Jenny Slate Feel Humbled by Parenting Young Kids: 'Spiritual Masters'  Exclusive  ... Coming together on ...
More Info. 
https://people.com/why-michelle-williams-feels-humbled-by-parenting-young-kids-exclusive-11707978
#parenting #davesacademy","","","linkedin","Dave's Academy","","","","","","2025-04-04-22-26-21-923","https://people.com/why-michelle-williams-feels-humbled-by-parenting-young-kids-exclusive-11707978",
"2025-04-09 07:26 AM;","Quaker Parents Were Ahead of Their Time - The Atlantic
The nearly 375-year-old religion's principles line up surprisingly well with modern parenting research. ... A parent holds one child while another kid ...
More Info. 
https://www.theatlantic.com/family/archive/2025/04/quaker-parenting-research/682277/
#parenting #davesacademy","","","linkedin","Dave's Academy","","","","","","2025-04-04-22-26-21-923","https://www.theatlantic.com/family/archive/2025/04/quaker-parenting-research/682277/",
"2025-04-09 11:38 AM;","Raising resilient girls in 2025: From shy to fearless, here are 7 parenting tips to ... - Hindustan Times
Parenting tips: Want to raise a strong, independent daughter? Here's what you should and should not do
More Info. 
https://www.hindustantimes.com/lifestyle/relationships/raising-resilient-girls-in-2025-from-shy-to-fearless-here-are-7-parenting-tips-to-raise-strong-independent-daughters-101743779434514.html
#parenting #davesacademy","","","linkedin","Dave's Academy","","","","","","2025-04-04-22-26-21-923","https://www.hindustantimes.com/lifestyle/relationships/raising-resilient-girls-in-2025-from-shy-to-fearless-here-are-7-parenting-tips-to-raise-strong-independent-daughters-101743779434514.html",
"2025-04-09 03:50 PM;","Olivia Munn Reveals the 'Idiot' Parenting Decision She Made With Son Malcolm: 'I Wasn't Thinking'
Olivia Munn Reveals the 'Idiot' Parenting Decision She Made With Son Malcolm: 'I Wasn't Thinking'. Sydni Ellis. Thu, April 3, 2025 at 9:33 AM PDT. 5 ...
More Info. 
https://www.yahoo.com/lifestyle/olivia-munn-reveals-idiot-parenting-163333521.html
#parenting #davesacademy","","","linkedin","Dave's Academy","","","","","","2025-04-04-22-26-21-923","https://www.yahoo.com/lifestyle/olivia-munn-reveals-idiot-parenting-163333521.html",
"2025-04-09 08:02 PM;","This Tiny Ski Bag Is a Game Changer for Parents. It Was Designed by Two Colorado Kids.
Designed by two ten-year-old children, The Ski Pack allows parents and kids to carry their own gear to and from the mountain.
More Info. 
https://www.outsideonline.com/outdoor-adventure/snow-sports/ski-pack-invented-by-kids/
#parenting #davesacademy","","","linkedin","Dave's Academy","","","","","","2025-04-04-22-26-21-923","https://www.outsideonline.com/outdoor-adventure/snow-sports/ski-pack-invented-by-kids/",
"2025-04-10 12:14 AM;","Break-up Club: Parenting after divorce or separation - YouTube
In this Break-up Club webinar, Stowe lawyers Sophie Croft and Orla O'Connor were joined by certified parenting coach Nina Bambrey and clinical ...
More Info. 
https://www.youtube.com/watch?v=vlvi_O08INY
#parenting #davesacademy","","","linkedin","Dave's Academy","","","","","","2025-04-04-22-26-21-923","https://www.youtube.com/watch?v=vlvi_O08INY",
"2025-04-10 04:26 AM;","Your Takes On Post-Potty Towels   Care and Feeding   Slate's parenting show Podcast
On this episode: Zak, Jamilah, and Elizabeth open up our mailbag to share your takes on everything from potty towels to Elon Musk.
More Info. 
https://www.youtube.com/watch?v=br4MYF7eUes
#parenting #davesacademy","","","linkedin","Dave's Academy","","","","","","2025-04-04-22-26-21-923","https://www.youtube.com/watch?v=br4MYF7eUes",
"2025-04-10 08:38 AM;","the details on Megan Fox   Machine Gun Kelly's co-parenting dynamic after calling off engagement
... parenting their baby girl together.  Watch the full video to hear Page ... parenting-dynamic-after-calling-off-engagement   meganfox ...
More Info. 
https://www.youtube.com/watch?v=CsXFNvp2HCc
#parenting #davesacademy","","","linkedin","Dave's Academy","","","","","","2025-04-04-22-26-21-923","https://www.youtube.com/watch?v=CsXFNvp2HCc",
"2025-04-10 12:50 PM;","Okanagan BGC offering free parenting programs this spring - Penticton Western News
The Okanagan Boys and Girls Club  BGC Okanagan  is offering two free parenting programs this spring, which will provide a sense of community and a ...
More Info. 
https://www.pentictonwesternnews.com/community/okanagan-bgc-offering-free-parenting-programs-this-spring-7925327
#parenting #davesacademy","","","linkedin","Dave's Academy","","","","","","2025-04-04-22-26-21-923","https://www.pentictonwesternnews.com/community/okanagan-bgc-offering-free-parenting-programs-this-spring-7925327",
"2025-04-10 05:02 PM;","Fathers' consistent parenting nurtures bonds through teen years   University of Michigan News
Fathers' consistent parenting nurtures bonds through teen years ... Children who grow up with their fathers under the same roof tend to feel close to ...
More Info. 
https://news.umich.edu/fathers-consistent-parenting-nurtures-bonds-through-teen-years/
#parenting #davesacademy","","","linkedin","Dave's Academy","","","","","","2025-04-04-22-26-21-923","https://news.umich.edu/fathers-consistent-parenting-nurtures-bonds-through-teen-years/",
"2025-04-10 09:14 PM;","Watch  Kids Throw Sticks   Stones At Dog Behind Fences, Sparks Discourse About Parenting   TRP
Watch  Kids Throw Sticks   Stones At Dog Behind Fences, Sparks Discourse About Parenting. The group of children were emboldened when no one ...
More Info. 
https://www.therakyatpost.com/news/2025/04/04/watch-kids-throw-sticks-stones-at-dog-behind-fences-sparks-discourse-about-parenting/
#parenting #davesacademy","","","linkedin","Dave's Academy","","","","","","2025-04-04-22-26-21-923","https://www.therakyatpost.com/news/2025/04/04/watch-kids-throw-sticks-stones-at-dog-behind-fences-sparks-discourse-about-parenting/",
"2025-04-11 01:26 AM;","39 We snorted cocaine while our kids camped in the garden  39 : The rise of drug-taking middle-class mums
Parenting Confessions,   Drugs,   Alcohol addiction,   Postnatal depression,   Parenthood,   Addiction   License this content. You need to be a ...
More Info. 
https://www.telegraph.co.uk/family/parenting/rise-of-cocaine-addict-mums/
#parenting #davesacademy","","","linkedin","Dave's Academy","","","","","","2025-04-04-22-26-21-923","https://www.telegraph.co.uk/family/parenting/rise-of-cocaine-addict-mums/",
"2025-04-11 05:38 AM;","Nina Agdal LIGHTS UP Over Parenting With Logan Paul  Exclusive  - YouTube
Nina Agdal chats with ET about parenting with Logan Paul at the premiere for 'Paul American,' now streaming on Max. The model shares what life has ...
More Info. 
https://www.youtube.com/watch?v=CY2QBp0AANU
#parenting #davesacademy","","","linkedin","Dave's Academy","","","","","","2025-04-04-22-26-21-923","https://www.youtube.com/watch?v=CY2QBp0AANU",
"2025-04-11 09:50 AM;","Kylie Kelce shares first reaction after seeing daughter Finnley Anne - YouTube
... parenting. We wake up every morning to give you and your family all you need to start your day. If it matters to you, it matters to us. We are in ...
More Info. 
https://www.youtube.com/watch?v=JnGx5coRMb0&pp=0gcJCb8Ag7Wk3p_U
#parenting #davesacademy","","","linkedin","Dave's Academy","","","","","","2025-04-04-22-26-21-923","https://www.youtube.com/watch?v=JnGx5coRMb0&pp=0gcJCb8Ag7Wk3p_U",
"2025-04-11 02:02 PM;","39 Go Blue  39  event kicks off Child Abuse and Neglect Prevention Month
... Parenting . 'Go Blue' event on April 3 aimed at ending child abuse in the Ozarks March 20, 2025 In  Children's Issues   Parenting . Springfield ...
More Info. 
https://sgfcitizen.org/schools/children-parenting/go-blue-event-kicks-off-child-abuse-and-neglect-prevention-month/
#parenting #davesacademy","","","linkedin","Dave's Academy","","","","","","2025-04-04-22-26-21-923","https://sgfcitizen.org/schools/children-parenting/go-blue-event-kicks-off-child-abuse-and-neglect-prevention-month/",
"2025-04-11 06:14 PM;","Supporting families at the upgraded Footscray Early Parenting Centre   VHBA
... Parenting Centre upgrade is complete. The upgrade will help more than 250 extra mums, dads and caregivers on their parenting journey each year.
More Info. 
https://www.vhba.vic.gov.au/news/supporting-families-at-upgraded-footscray-early-parenting-centre
#parenting #davesacademy","","","linkedin","Dave's Academy","","","","","","2025-04-04-22-26-21-923","https://www.vhba.vic.gov.au/news/supporting-families-at-upgraded-footscray-early-parenting-centre",
"2025-04-11 10:26 PM;","Our Daily Show Interview  Challenge Unlimited Parenting With Theodora   Soulcial Kitchen
John Becker- Vice President of Operations at Challenge Unlimited and Jeff Adams of Theodora Farms joins CJ to bring us their thoughts on the nbsp ...
More Info. 
https://m.riverbender.com/video/details.cfm?id=8435
#parenting #davesacademy","","","linkedin","Dave's Academy","","","","","","2025-04-04-22-26-21-923","https://m.riverbender.com/video/details.cfm?id=8435",
